isi,label
"Teknologi telah membawa banyak perubahan dalam dunia kuliner, salah satunya adalah kemudahan pemesanan makanan melalui aplikasi. Selain itu, penggunaan teknologi seperti AI dalam analisis tren makanan juga membantu restoran untuk lebih memahami kebutuhan konsumen. Dengan adanya teknologi, bisnis kuliner kini lebih mudah untuk berkembang dan menjangkau lebih banyak pelanggan."  ,makanan
"Keamanan pangan menjadi isu yang semakin mendapat perhatian, terutama di masa pandemi. Edukasi tentang cara menyimpan, mengolah, dan menyajikan makanan dengan benar sangat penting untuk mencegah penyebaran penyakit. Selain itu, para pelaku usaha kuliner juga didorong untuk mematuhi standar kebersihan agar dapat memberikan makanan yang sehat dan aman bagi konsumen."  ,makanan
"Pola makan berbasis tanaman atau veganisme tidak lagi dianggap sebagai pilihan diet yang membosankan. Inovasi dalam dunia kuliner vegan kini menghadirkan berbagai makanan yang tidak hanya sehat tetapi juga lezat. Mulai dari burger daging nabati yang terbuat dari kacang polong hingga keju vegan berbahan dasar mete, semuanya dirancang untuk meniru rasa dan tekstur makanan berbahan hewani. Restoran di seluruh dunia berlomba-lomba menciptakan menu vegan yang menggugah selera, menjadikannya populer di kalangan pecinta kuliner. Tren ini juga didukung oleh meningkatnya kesadaran akan pentingnya keberlanjutan lingkungan dan kesejahteraan hewan. Tak hanya itu, chef ternama mulai mengintegrasikan menu vegan ke dalam restoran Michelin mereka, membuktikan bahwa makanan vegan mampu bersaing di dunia kuliner kelas atas."  ,makanan
"Indonesia dikenal sebagai surga bagi pecinta makanan pedas, dan sambal adalah rajanya. Setiap daerah memiliki varian sambal khas dengan cita rasa unik, seperti sambal matah dari Bali yang segar dan pedas, hingga sambal bajak dari Jawa Tengah yang kaya akan rempah. Sambal tidak hanya digunakan sebagai pelengkap makanan, tetapi juga menjadi identitas kuliner yang menunjukkan keanekaragaman budaya Indonesia. Meski pedas, sambal justru memiliki banyak manfaat kesehatan, seperti meningkatkan metabolisme tubuh dan membantu melawan bakteri. Di kancah internasional, sambal mulai dikenal luas dan bahkan menjadi inspirasi bagi produk saus pedas global."  ,makanan
"Dengan garis pantai yang panjang dan keanekaragaman laut yang melimpah, Indonesia menjadi salah satu produsen seafood terbesar di dunia. Mulai dari ikan bakar dengan sambal kecap hingga kepiting saus Padang, kuliner laut Indonesia menawarkan rasa yang kaya dan autentik. Selain itu, metode memasak tradisional seperti pengasapan atau pengasaman memberikan cita rasa yang tidak dapat ditemukan di tempat lain. Di beberapa daerah, seperti Makassar dan Manado, makanan laut bahkan menjadi ciri khas yang menarik banyak wisatawan. Namun, keberlanjutan menjadi tantangan tersendiri, sehingga edukasi tentang penangkapan ikan yang bertanggung jawab semakin ditekankan."  ,makanan
"Otoritas Jasa Keuangan (OJK) mempublikasikan hasil survei terbaru yang menunjukkan literasi dan inklusi keuangan Indonesia terus meningkat, terutama pada kelompok usia produktif dan dengan pendidikan lebih tinggi. Survei ini menjadi landasan penting bagi kebijakan keuangan nasional untuk meningkatkan aksesibilitas masyarakat."  ,ekonomi
"Ajang Bisnis Indonesia Financial Award (BIFA) 2024 memberikan penghargaan kepada tokoh industri perbankan seperti Darmawan Junaidi dari Bank Mandiri. Penghargaan ini mencerminkan pencapaian dalam menghadapi tantangan global, termasuk pertumbuhan ekonomi melambat dan dampak geopolitik dunia."  ,ekonomi
"Nilai tukar rupiah terhadap dolar AS menunjukkan penguatan berkat cadangan devisa yang memadai serta optimisme terhadap pertumbuhan ekonomi. Faktor seperti aliran modal asing dan pengendalian inflasi turut mendorong kepercayaan investor terhadap stabilitas keuangan Indonesia."  ,ekonomi
"Menteri Badan Usaha Milik Negara (BUMN) Erick Thohir melakukan sidak ke kantor pusat PT PLN (Persero). Kunjungan tiba-tiba dilakukan juga bersama Menteri ESDM Arifin Tasrif. Erick bersama rombongan datang sekitar pukul 15.15 WIB. Saat tiba dia langsung masuk menuju War Room, ruangan untuk memonitor pasokan energi ""Saya bersama pak Arifin ke sini untuk melihat terkait batu bara dan LNG,"" tuturnya di Kantor Pusat PLN, Jakarta Selatan, Selasa (4/1/2022). Erick melakukan kunjungan dalam rangka kebijakan penyetopan ekspor batu bara sementara. Kebijakan ini berlaku dari 1 Januari hingga 31 Januari 2022. ""Direktur Energi Primernya mana?"" ucap Arifin kepada salah satu karyawan PLN. Kebijakan penyetopan ini dilakukan demi memenuhi kewajiban suplai batu bara untuk dalam negeri atau domestic market obligation (DMO). Pasokan tersebut dibutuhkan untuk pembangkit listrik milik PLN. Namun Erick heran war room di kantor pusat PLN tidak bisa dibuka. Erick dan Arifin tidak bisa masuk ke dalam ruangan sekitar 10 menit. ""Ini katanya ada War Room, kok gak bisa dibuka. Kok gak ada orang, katanya lagi krisis energi,"" tuturnya.  Berlanjut ke halaman berikutnya."  ,gosip
"Meiska Adinda dan para fans-nya membuat dokumentasi di depan billboard digital di kawasan Ratu Plaza Jakarta. Billboard tersebut menampilkan pesan soal keras kepala dan cowok red flag, yang menjadi perbincangan hangat di media sosial. Dalam dokumentasi tersebut, Meiska terlihat sangat antusias dan berterima kasih kepada para penggemarnya atas dukungan yang diberikan. Aksi ini tidak hanya menunjukkan kedekatan Meiska dengan fans-nya tetapi juga meningkatkan popularitasnya di dunia maya. Momen tersebut diabadikan dalam berbagai foto dan video yang kemudian diunggah di akun media sosialnya, mendapat ribuan likes dan komentar positif dari netizen."  ,gosip
"Denny Sumargo mengakui bahwa ia sudah menduga laporan Farhat Abbas sebelumnya, sehingga tidak terlalu terkejut dengan keluarnya. Denny menyatakan bahwa ia akan mengikuti proses hukum yang berlaku dan siap menghadapi segala konsekuensinya. Meski demikian, ia tetap berharap situasi ini tidak akan mempengaruhi reputasinya di masyarakat. Dukungan dari para penggemar dan rekan-rekan selebriti pun terus mengalir, memberikan semangat bagi Denny untuk menghadapi masalah ini dengan kepala tegak. Kejadian ini semakin membuka mata publik tentang dinamika dunia selebriti yang penuh dengan intrik dan persaingan."  ,gosip
"Zoe Levana baru-baru ini mengungkapkan bahwa membintangi film ""Puang Bos"" adalah tantangan terberat yang pernah ia hadapi dalam karirnya. Ia mengatakan bahwa peran tersebut membutuhkan banyak persiapan dan kerja keras untuk dapat memainkannya dengan baik. Zoe juga berbagi pengalaman bagaimana ia harus melakukan riset mendalam tentang karakter yang diperankannya serta beradaptasi dengan lingkungan syuting yang berbeda dari biasanya. Meskipun sulit, Zoe merasa bersyukur dapat berpartisipasi dalam proyek tersebut karena memberikan banyak pelajaran berharga dan kesempatan untuk berkembang sebagai aktris."  ,gosip
"Facebook mengumumkan peningkatan pada sistem moderasi konten mereka dengan memanfaatkan AI terbaru. Teknologi ini mampu mendeteksi hoaks, ujaran kebencian, dan konten berbahaya lainnya secara lebih akurat. AI ini juga dapat mempelajari pola penyebaran informasi palsu dan memberikan peringatan dini kepada moderator manusia untuk mengambil tindakan. Langkah ini dilakukan sebagai respons terhadap kritik yang menyebut platform tersebut gagal menangani penyebaran informasi palsu secara efektif. Facebook berharap sistem baru ini dapat memperkuat upaya mereka dalam menciptakan ruang digital yang lebih aman dan terpercaya."  ,internet
"Microsoft meluncurkan Copilot, asisten berbasis AI yang dirancang untuk membantu pengguna dalam menyelesaikan tugas di aplikasi Office 365 seperti Word, Excel, dan PowerPoint. Copilot dapat memberikan saran otomatis, membuat ringkasan dokumen, hingga membantu membuat presentasi dengan cepat. Fitur ini bertujuan untuk meningkatkan produktivitas pengguna dan mengurangi waktu yang dihabiskan untuk tugas-tugas administratif. Microsoft menyatakan bahwa Copilot dirancang untuk bekerja secara seamless tanpa mengganggu alur kerja pengguna. Selain itu, keamanan data tetap menjadi prioritas utama dalam implementasi teknologi ini."  ,internet
"Google Chrome kini memiliki fitur ""Energy Saver"" yang dirancang untuk mengurangi konsumsi daya saat digunakan di laptop. Mode ini bekerja dengan membatasi animasi dan aktivitas di tab latar belakang, sehingga memperpanjang masa pakai baterai perangkat. Selain itu, pengguna juga dapat mengatur mode ini aktif secara otomatis saat baterai mencapai level tertentu. Fitur ini sangat cocok bagi pengguna yang sering bekerja di luar ruangan tanpa akses ke sumber daya listrik. Dengan pembaruan ini, Google Chrome semakin memperkuat posisinya sebagai salah satu browser yang ramah pengguna."  ,internet
"Setelah resmi diambil alih oleh Elon Musk, Twitter kini mengubah nama dan logonya menjadi X. Langkah ini memicu perdebatan di kalangan pengguna setia platform tersebut. Banyak yang mempertanyakan keputusan rebranding ini, terutama karena Twitter sudah memiliki identitas yang kuat di dunia maya. Selain itu, sejumlah pengguna melaporkan adanya perubahan algoritma yang membuat timeline mereka menjadi kurang relevan. Meski demikian, Elon Musk berjanji bahwa X akan menjadi ""super app"" yang tidak hanya untuk berbagi tweet, tetapi juga transaksi keuangan dan layanan lainnya."  ,internet
"YouTube mengumumkan opsi monetisasi baru untuk kreator Shorts yang memiliki jumlah penonton tinggi tetapi belum mencapai ambang batas iklan tradisional. Dengan fitur ini, kreator dapat menerima donasi langsung dari penonton melalui fitur �Super Thanks.� Selain itu, YouTube juga akan membagi sebagian pendapatan iklan yang muncul di antara video pendek mereka. Fitur ini ditujukan untuk mendukung kreator baru yang ingin menjadikan YouTube sebagai karier penuh waktu. Langkah ini disambut positif, tetapi beberapa kreator lama mengeluhkan pembagian keuntungan yang dianggap tidak adil."  ,internet
"Snapchat memperluas kemampuan teknologi Augmented Reality (AR) untuk mendukung kampanye interaktif merek. Melalui fitur ini, pengguna dapat mencoba produk, seperti pakaian atau kosmetik, secara virtual sebelum membelinya. Snapchat bekerja sama dengan merek-merek besar seperti Nike dan Sephora untuk menghadirkan pengalaman ini. Teknologi ini diharapkan dapat meningkatkan konversi penjualan secara signifikan. Namun, beberapa pengguna mengeluhkan bahwa fitur ini mengonsumsi data internet dalam jumlah besar."  ,internet
"Reddit mengumumkan pembaruan pada sistem karma mereka, dengan fokus pada penghargaan terhadap kontribusi yang positif dan bermakna. Sistem baru ini memberikan lebih banyak poin untuk diskusi berkualitas dibandingkan dengan komentar singkat. Selain itu, Reddit memperkenalkan fitur �Karma Rewards,� yang memungkinkan pengguna menukar poin mereka dengan fitur premium seperti avatar eksklusif atau peningkatan visibilitas pos. Langkah ini diambil untuk mendorong pengguna berkontribusi secara konstruktif. Meski demikian, beberapa komunitas menyatakan kekhawatiran bahwa sistem ini dapat mendorong perilaku kompetitif yang tidak sehat."  ,internet
"Lionel Messi kembali membuktikan dominasinya di dunia sepak bola dengan dinobatkan sebagai Pemain Terbaik FIFA 2024. Penghargaan ini diraih setelah Messi menunjukkan performa luar biasa bersama Inter Miami dan membantu klubnya memenangkan Piala Liga Amerika Serikat. Dalam kompetisi tersebut, Messi mencetak 15 gol dan memberikan 8 assist dalam 10 pertandingan, menjadikannya salah satu musim terbaik dalam kariernya. Pada upacara penghargaan, Messi mengungkapkan rasa terima kasihnya kepada tim dan para penggemar yang terus mendukungnya. Pengakuan ini semakin mengukuhkan posisinya sebagai salah satu pemain terbesar sepanjang masa, menambah koleksi trofi individualnya yang sudah luar biasa."  ,olahraga
"Yamaha R15M 2024 hadir dengan fitur-fitur yang terinspirasi dari motor balap, termasuk quick shifter dan slipper clutch. Motor ini menggunakan mesin 155 cc dengan teknologi VVA (Variable Valve Actuation) yang memberikan performa optimal di setiap putaran. Desain aerodinamisnya dilengkapi dengan lampu LED, fairing baru, dan jok dua tingkat untuk meningkatkan kenyamanan. Yamaha R15M juga hadir dengan instrumentasi digital penuh yang mencakup informasi berkendara secara lengkap."  ,otomotif
"Chevrolet Silverado EV dirancang untuk menjadi pesaing utama di segmen pikap listrik. Ditenagai oleh baterai Ultium, Silverado EV mampu menempuh jarak hingga 640 km dalam sekali pengisian daya. Pikap ini memiliki kapasitas muatan lebih dari 4.500 kg, menjadikannya pilihan ideal untuk kebutuhan komersial dan pribadi. Interiornya dilengkapi layar infotainment 17 inci, konektivitas 5G, dan berbagai fitur keselamatan modern. Chevrolet juga menambahkan kemampuan pengisian daya dua arah untuk mendukung penggunaan perangkat listrik di luar ruangan."  ,otomotif
"Aprilia Tuareg 660 resmi menjadi pesaing baru di segmen motor adventure kelas menengah. Dengan mesin paralel-twin 660 cc, motor ini menawarkan tenaga 80 hp yang cukup untuk melibas berbagai medan. Suspensinya dapat disesuaikan, dengan travel panjang yang cocok untuk perjalanan off-road. Aprilia juga melengkapi Tuareg 660 dengan layar TFT warna, kontrol traksi, dan mode berkendara yang dapat diatur. Motor ini menjadi pilihan menarik bagi pengendara yang menginginkan kombinasi ringan, tangguh, dan teknologi canggih."  ,otomotif
"Lombok memiliki pantai-pantai tersembunyi yang menawarkan pemandangan menakjubkan. Pasir putih dan air laut yang jernih menjadi daya tarik utama tempat ini. Wisatawan juga dapat menikmati aktivitas snorkeling untuk melihat keindahan bawah lautnya. Akses menuju pantai ini cukup menantang, tetapi sebanding dengan pengalaman yang didapat. Fasilitas di sekitar pantai masih minim, sehingga wisatawan disarankan membawa perbekalan sendiri."  ,dunia
"Desa adat di Flores menjadi tujuan favorit bagi wisatawan yang mencari suasana tenang dan budaya lokal. Rumah-rumah tradisional dengan arsitektur khas mencerminkan kehidupan masyarakat yang sederhana dan ramah. Pengunjung juga dapat belajar tentang tradisi tenun ikat yang diwariskan turun-temurun. Selain itu, panorama alam yang mengelilingi desa memberikan pengalaman liburan yang menyegarkan."  ,dunia
"Bukit Tinggi menawarkan kombinasi keindahan alam dan sejarah budaya yang kaya. Jam Gadang sebagai ikon kota menjadi tempat favorit wisatawan untuk berfoto. Selain itu, pengunjung dapat menikmati kuliner khas Minang seperti nasi kapau yang terkenal lezat. Kota ini juga memiliki cuaca yang sejuk, menjadikannya tempat ideal untuk bersantai dan menikmati suasana alam."  ,dunia
"Danau Toba merupakan danau vulkanik terbesar di Asia Tenggara dan menjadi destinasi populer di Sumatera Utara. Pulau Samosir di tengah danau menjadi pusat aktivitas wisata dengan beragam kegiatan budaya dan alam. Wisatawan dapat menjelajahi desa-desa tradisional, menyewa sepeda untuk berkeliling, atau menikmati pemandangan indah dari tepi danau. Dengan fasilitas penginapan yang memadai, liburan di Danau Toba cocok untuk keluarga maupun individu."  ,dunia